model,MAE,RMSE,RMSSE,Bias_forecast_minus_actual
LightGBM Tuned,1.199466746159915,2.315558079251644,0.9193209701744008,0.036298556174893935
LightGBM,1.210643429218852,2.315384283970643,0.9244854206784466,0.05169073456482067
XGBoost,1.2164743921957293,2.328364718968878,0.9272600430669363,0.06000031658927017
Moving Average 28,1.236941839398945,2.4842134726571765,0.9331471820794703,0.025580140672456966
Seasonal Naive 28,1.4553027477309461,3.067544363530952,1.2506635799989878,0.0039786149446723856
